count,source_pdf
16,"中药材种植技术书籍/种子、果实类中药材植物种植技术 (孙丽霞，成蓓等编著, 孙丽霞等编著, 孙丽霞) (z-library.sk, 1lib.sk, z-lib.sk).pdf"
16,"中药材种植技术书籍/道地药材规范化种植技术 (刘红彦，王飞，刘焕民主编, 刘红彦, 王飞, 刘焕民主编, 刘红彦, 王飞, 刘焕民) (z-library.sk, 1lib.sk, z-lib.sk).pdf"
15,"中药材种植技术书籍/30种岭南中药材规范化种植 养殖 技术 下 (徐鸿华主编) (z-library.sk, 1lib.sk, z-lib.sk).pdf"
15,"中药材种植技术书籍/30种常用中药材规范化种植技术 (陈贵林等编著, 陈贵林[等]编著, 陈贵林, 孙淑英, 王丽红, 岳鑫) (z-library.sk, 1lib.sk, z-lib.sk).pdf"
15,"中药材种植技术书籍/中药材规范化栽培丛书 玉竹规范化种植与加工 (肖深根主编, 肖深根主编, 肖深根) (z-library.sk, 1lib.sk, z-lib.sk).pdf"
15,"中药材种植技术书籍/中药材规范化种植 养殖 技术指南 (么厉，程惠珍，杨智主编, 么厉, 程惠珍, 杨智主编, 么厉, 程惠珍, 杨智) (z-library.sk, 1lib.sk, z-lib.sk).pdf"
15,"中药材种植技术书籍/中药材规范化种植指南 (Pdg2Pic, 殷建峰编) (z-library.sk, 1lib.sk, z-lib.sk).pdf"
15,"中药材种植技术书籍/内蒙古奈曼旗种植蒙中药材生物学特性与品质 (奥·乌力吉，包晓华主编) (z-library.sk, 1lib.sk, z-lib.sk).pdf"
15,"中药材种植技术书籍/北方中草药栽培 (河北省保定地区卫生局，河北省安国县药材种植场编；胡毅民修订) (z-library.sk, 1lib.sk, z-lib.sk).pdf"
15,"中药材种植技术书籍/北方中药材种植技术 (赵桂敏主编, 赵桂敏主编, 赵桂敏) (z-library.sk, 1lib.sk, z-lib.sk).pdf"
15,"中药材种植技术书籍/新农村书屋特种作物种植技术系列 名贵中药材的栽培与综合利用技术 (曾庆楣编著, Zeng qing mei, 曾庆楣编著, 曾庆楣) (z-library.sk, 1lib.sk, z-lib.sk).pdf"
15,"中药材种植技术书籍/现代优质道地药材种植管理模式及实践 (孙君社编著；秦垂新策划) (z-library.sk, 1lib.sk, z-lib.sk).pdf"
14,"中药材种植技术书籍/30种岭南中药材规范化种植 养殖 技术 中 (徐鸿华主编) (z-library.sk, 1lib.sk, z-lib.sk).pdf"
14,"中药材种植技术书籍/中药材种植与经营致富秘诀 (熊泽文编著, 熊泽文编著, 熊泽文, 熊泽文, (中药)) (z-library.sk, 1lib.sk, z-lib.sk).pdf"
14,"中药材种植技术书籍/中药材种植必读 (黄俊斌，王沫主编, 黄俊斌, 王沫主编, 黄俊斌, 王沫) (z-library.sk, 1lib.sk, z-lib.sk).pdf"
14,"中药材种植技术书籍/中药材种植技术 (农业部农民科技教育培训中心组编, 农业部农民科技教育培训中心组编, 农业部) (z-library.sk, 1lib.sk, z-lib.sk).pdf"
14,"中药材种植技术书籍/中药材种植技术 (陈康，李敏主编, Kang Chen, Min Li, 主编陈康, 李敏, 陈康 etc.) (z-library.sk, 1lib.sk, z-lib.sk).pdf"
14,"中药材种植技术书籍/中药材经营与种植要诀 (宫光前主编, 宮光前主编, 宮光前) (z-library.sk, 1lib.sk, z-lib.sk).pdf"
14,"中药材种植技术书籍/中药材规范化栽培丛书 白术、百合规范化种植与加工 (童巧珍，肖深根主编, 童巧珍, 肖深根主编, 童巧珍, 肖深根) (z-library.sk, 1lib.sk, z-lib.sk).pdf"
14,"中药材种植技术书籍/北方中草药栽培 (河北省保定地区革命委员会卫生局，河北省安国县药材种植试验场编) (z-library.sk, 1lib.sk, z-lib.sk).pdf"
14,"中药材种植技术书籍/四川中药材栽培技术 (四川省中医药研究院南川药物种植研究所，四川省中药材公司编著 etc.) (z-library.sk, 1lib.sk, z-lib.sk).pdf"
14,"中药材种植技术书籍/山西道地中药材种植与加工 (张燚主编；粱宏副主编) (z-library.sk, 1lib.sk, z-lib.sk).pdf"
14,"中药材种植技术书籍/常用中药材种植技术 (大冶市财政局，大冶市科学技术协会) (z-library.sk, 1lib.sk, z-lib.sk).pdf"
14,"中药材种植技术书籍/根、根茎类中药材植物种植技术 (黄跃进，江文等编著, 黄跃进等编著, 黄跃进, 黃跃进) (z-library.sk, 1lib.sk, z-lib.sk).pdf"
14,"中药材种植技术书籍/海南特色野生果树、药材和观赏植物种质资源及利用 (代正福，彭明，周鹏主编, 代正福, 彭明, 周鹏主编, 代正福, 彭明, 周鹏) (z-library.sk, 1lib.sk, z-lib.sk).pdf"
14,"中药材种植技术书籍/秦巴山区中药材种植技术 略阳篇 (衡智洲主编；郑素花，周海涛，李晓东等副主编, 衡智洲主编, 衡智洲) (z-library.sk, 1lib.sk, z-lib.sk).pdf"
14,"中药材种植技术书籍/花、叶、茎皮、全草、藻、菌类中药材植物种植技术 (冯维希，朱兆羽等编著, 冯维希等编著, 冯维希, 冯希维, (植物)) (z-library.sk, 1lib.sk, z-lib.sk).pdf"
14,"中药材种植技术书籍/西北地区中药材种植与加工技术研究 (蔺海明主编, 蔺海明主编, 蔺海明) (z-library.sk, 1lib.sk, z-lib.sk).pdf"
14,"中药材种植技术书籍/贵州主要中药材规范化种植技术 (张明生主编, 张明生主编, 张明生) (z-library.sk, 1lib.sk, z-lib.sk).pdf"
14,"中药材种植技术书籍/贵州常用中药材种植加工技术 (刘克汉，刘玲主编, 刘克汉, 刘玲主编, 刘克汉, 刘玲) (z-library.sk, 1lib.sk, z-lib.sk).pdf"
11,30.浙麦冬-丝瓜间作生态种植技术规范-公示稿.pdf
10,48.菊花水旱轮作生态种植技术规范-公示稿.pdf
9,32.当归-燕麦轮作生态种植技术规范-公示稿.pdf
9,6.防风-沙棘间作生态种植技术规范-公示稿.pdf
9,8.延胡索-水稻水旱轮作生态种植技术规范-公示稿.pdf
8,1.苍术林下仿野生种植技术规范-公示稿.pdf
8,16.淫羊藿-林下生态种植技术规范-公示稿.pdf
8,17.天麻-水稻水旱轮作生态种植技术规范-公示稿.pdf
8,19.菊花-玉米套作生态种植技术规范-公示稿.pdf
8,2.葛根-白及套作生态种植技术规范-公示稿.pdf
8,3.苍术荒坡地拟境栽培技术规范-公示稿.pdf
8,31.铁皮石斛岩壁拟境栽培技术规范-公示稿.pdf
8,36.山银花-大豆间作生态种植技术规范-公示稿.pdf
8,4.罗汉果-花生间作生态种植技术规范-公示稿.pdf
8,49.芡实-小麦轮作生态种植技术规范-公示稿.pdf
8,5.宁夏枸杞沙漠生态种植技术规范-公示稿.pdf
8,52.薄荷-玉米间作生态种植技术规范-公示稿.pdf
8,62.新疆紫草拟境生态种植技术规范-公示稿.pdf
7,10.白及-蓝莓间作生态种植技术规范-公示稿.pdf
7,12.草珊瑚林下生态种植技术规范-公示稿.pdf
7,13.太子参林下生态种植技术规范-公示稿.pdf
7,18.蕲艾“五改两促”生态种植技术规范-公示稿.pdf
7,34.桃儿七野生抚育技术规范-公示稿.pdf
7,35.金钱草-玉米套作生态种植技术规范-公示稿.pdf
7,38.栀子-大豆间作生态种植技术规范-公示稿.pdf
7,41.岗梅林下种植技术规范-公示稿.pdf
7,42.野菊花-小麦轮作生态种植技术规范-公示稿.pdf
7,43.九寨沟人参林下仿野生种植技术规范-公示稿.pdf
7,44.雅连林下仿野生种植技术规范-公示稿.pdf
7,45.湖北贝母-厚朴林下生态种植技术规范-公示稿.pdf
7,47.肉苁蓉仿野生种植技术规范-公示稿.pdf
7,50.浙贝母-大豆轮作生态种植技术规范-公示稿.pdf
7,51.茅苍术-吴茱萸林下种植技术规范-公示稿.pdf
7,53.滇黄精林下生态种植技术规范-公示稿.pdf
7,55项标准/DB35_T+2266-2025紫芝林下栽培技术规程.pdf
7,56.乌药林下生态种植技术规范-公示稿.pdf
7,57.天麻设施生态种植技术规范-公示稿.pdf
7,58.金线莲仿野生种植技术规范-公示稿.pdf
7,60.前胡林下生态种植技术规范-公示稿.pdf
7,61.车前-水稻水旱轮作生态种植技术规范-公示稿.pdf
7,63.新疆阿魏野生抚育种植技术规范-公示稿.pdf
7,7.酸枣仿野生种植技术规范-公示稿.pdf
7,9.西洋参设施生态种植技术规范-公示稿.pdf
6,11.半夏林下生态种植技术规范-公示稿.pdf
6,14.天麻-林下仿野生种植技术规范-公示稿.pdf
6,20.白鲜-榛子间作生态种植技术规范-公示稿.pdf
6,33.贯叶金丝桃仿野生种植技术规范-公示稿.pdf
6,37.玄参-烟草轮作生态种植技术规范-公示稿.pdf
6,39.川明参-玉米套作生态种植技术规范-公示稿.pdf
6,40.金果榄-梨树套作生态种植技术规范-公示稿.pdf
6,46.黄连林下生态种植技术规范-公示稿.pdf
6,54.云南重楼设施栽培生态种植技术规范-公示稿.pdf
6,55.三叶青林下生态种植技术规范-公示稿.pdf
6,55项标准/22-6+黄柏栽培技术规程地方标准.pdf
6,55项标准/2cdc73d7de8240fb8a818aa21eb1a2aa.pdf
6,55项标准/6388136435838289446633359.pdf
6,55项标准/DB15T+3274-2023FDIS.pdf
6,55项标准/DB1895唐古特大黄栽培技术规程.pdf
6,55项标准/DB41T+2639-2024+朝天椒三系配套制种技术规程.pdf
6,55项标准/DB45T+2870—2024++紫灵芝仿野生栽培技术规程.pdf
6,55项标准/a57096dea2717905e2fff6e5479e3198.pdf
6,55项标准/金钗石斛栽培技术规程.pdf
6,55项标准/铁皮石斛生态贴树栽培技术规程.pdf
6,59.乌梅仿野生种植技术规范-公示稿.pdf
5,15.天门冬-林下生态种植技术规范 -公示稿.pdf
5,55项标准/3973-2021.pdf
5,55项标准/5452-夏玉米间作夏大豆与冬小麦复种技术规程.pdf
5,55项标准/DB36T791-2023FDIS.pdf
5,55项标准/DB43_T+2023-2021.pdf
5,55项标准/DB51T2422-2017FDIS.pdf
5,55项标准/DB53_T+1130-2022滇重楼林下栽培技术规程.pdf
5,55项标准/GBT+43623-2023.pdf
5,55项标准/三七林下栽培技术规程.pdf
5,55项标准/元蘑林下栽培技术规程.pdf
5,ocr/2821-2024-.pdf
5,ocr/DB64+940_2013.pdf
4,55项标准/DB3311T58─2020FDIS.pdf
4,55项标准/DB41T2588-2024FDIS.pdf
4,55项标准/DB41T2884-2025FDIS.pdf
4,55项标准/DB41_T+1217-2016.pdf
4,55项标准/DB41_T+1578-2018.pdf
4,55项标准/DB5306T138－2024FDIS.pdf
4,55项标准/关苍术仿生态栽培技术规程.pdf
4,55项标准/蒙古黄芪仿野生生产技术规程.pdf
4,55项标准/黄精栽培技术规程.pdf
4,55项标准/黄芪林间生态种植技术规程.pdf
4,ocr/1983《欧李栽培技术规范》.pdf
4,ocr/20250319024900324.pdf
3,55项标准/5173-猪苓仿野生栽培技术规程.pdf
3,55项标准/6390167462785949353923275.pdf
3,55项标准/DB1668+甘松种植技术规程.pdf
3,55项标准/DB511066-2024FDIS.pdf
3,55项标准/北苍术玉米套作技术规程.pdf
3,55项标准/甘草栽培技术规程.pdf
2,55项标准/规程-水稻育秧棚栽培食用穿心莲技术规程.pdf
